feature_0,feature_1,feature_2,feature_3,feature_4,feature_5,feature_6,feature_7,feature_8,feature_9,feature_10,feature_11
-0.7303502421213804,1.3718656751071712,-0.13812190262821683,-0.009673469238684574,-1.5429292502334877,-1.0,1.0366719812363494,0.0,0.0,-1.4163818439225504,-1.5413616415845883,1.2701176935052414
0.6417268829898946,-0.5031718290592472,-0.053155712565921706,-0.009673469238684574,1.32116641447996,-1.0,-0.9646252798376841,0.0,0.0,1.6470116080959427,-1.5413616415845883,-1.4019391652014377
0.7956046914135888,0.5997914086857048,0.2780684181853983,-1.2188571240742552,-1.1337727267029951,-1.0,-0.9646252798376841,0.0,0.0,-0.9787542079199085,0.3757548280479841,1.2701176935052414
1.418809815529551,-1.6612832286914467,1.446713557771034,-1.2188571240742552,-0.04268866395501505,-1.0,1.0366719812363494,0.0,0.0,-0.3223127539159457,-0.103524289360159,-0.5112535456325447
1.3982927744063918,-1.1098016098189707,1.067245912323326,1.1995101855968862,0.7074316291842212,-1.0,1.0366719812363494,0.0,0.0,-0.9787542079199085,0.3757548280479841,0.37943207393634837
-1.28431035244668,1.4821619988816663,-1.6819143729126302,1.1995101855968862,0.36646785957547745,1.0,-0.9646252798376841,0.0,0.0,-0.10349893591462477,0.8550339454561272,1.2701176935052414
1.059761595874264,1.4821619988816663,-1.463738478091652,1.1995101855968862,0.09369684388848246,-1.0,-0.9646252798376841,0.0,0.0,0.771756336090659,1.3343130628642703,0.37943207393634837
0.7289243077633213,1.3167175132199236,1.2796613874790639,1.1995101855968862,-1.3383509884682414,-1.0,-0.9646252798376841,0.0,0.0,-0.9787542079199085,0.3757548280479841,1.2701176935052414
-1.066316790513113,0.8755322181219427,0.47248258188726006,-1.2188571240742552,0.23008235173197997,-1.0,-0.9646252798376841,0.0,0.0,0.8811632450913194,-1.5413616415845883,-1.4019391652014377
-0.8560171190007306,-0.5583199909464948,-1.6387112254233276,-0.009673469238684574,0.09369684388848246,1.0,1.0366719812363494,0.0,0.0,0.9905701540919799,-1.0620825241764453,0.37943207393634837
1.1469590206476907,0.8755322181219427,-1.566705979607823,1.1995101855968862,0.23008235173197997,1.0,-0.9646252798376841,0.0,0.0,-0.9787542079199085,0.3757548280479841,1.2701176935052414
-1.3868955580624764,-1.4406905811424564,-0.9762629639206875,-0.009673469238684574,0.502853367418975,-1.0,-0.9646252798376841,0.0,0.0,-0.9787542079199085,0.3757548280479841,0.37943207393634837
-1.1227386536018011,0.15860611358772397,0.12037692984944379,-1.2188571240742552,-1.5429292502334877,1.0,-0.9646252798376841,0.0,0.0,-1.1975680259212294,-0.5828034067683021,1.2701176935052414
-0.24819977572713808,1.3167175132199236,-0.8963371410654777,-1.2188571240742552,1.3893591684017088,1.0,1.0366719812363494,0.0,0.0,-0.21290584491528522,0.3757548280479841,-0.5112535456325447
-0.3969483238700427,1.3718656751071712,-0.868975147655586,-0.009673469238684574,-0.31545967964201005,-1.0,-0.9646252798376841,0.0,0.0,1.2093839720933008,-0.103524289360159,-0.5112535456325447
-0.8739695299834951,1.4270138369944187,0.35943434595691826,1.1995101855968862,-0.31545967964201005,-1.0,1.0366719812363494,0.0,0.0,0.005907973086035695,1.3343130628642703,0.37943207393634837
-0.8560171190007306,1.096124865670933,0.7835452438102388,-0.009673469238684574,1.32116641447996,1.0,-0.9646252798376841,0.0,0.0,-1.3069749349218898,-1.0620825241764453,1.2701176935052414
-1.1047862426190367,-0.17228285773576163,-1.2880456783018213,-0.009673469238684574,1.5257446762452063,-1.0,-0.9646252798376841,0.0,0.0,-0.21290584491528522,0.3757548280479841,1.2701176935052414
0.20317512898236537,1.4821619988816663,-0.7645675412231047,-1.2188571240742552,-0.38365243356375883,-1.0,1.0366719812363494,0.0,0.0,0.771756336090659,1.3343130628642703,0.37943207393634837
-0.7303502421213804,-1.3303942573679612,1.1536522073019313,-0.009673469238684574,-0.8610017110160001,1.0,1.0366719812363494,0.0,0.0,-1.088161116920569,-0.103524289360159,0.37943207393634837
-1.7305559968753936,-1.220097933593466,-1.4781395272547528,-1.2188571240742552,1.1165881527147137,-1.0,-0.9646252798376841,0.0,0.0,1.6470116080959427,-1.5413616415845883,-0.5112535456325447
-1.4638344622743238,-1.6061350668041992,0.12685740197283918,-1.2188571240742552,0.1618895978102312,1.0,-0.9646252798376841,0.0,0.0,1.3187908810939613,0.3757548280479841,1.2701176935052414
1.5290889115665318,-0.8340608003827328,-1.2678842094734801,-1.2188571240742552,1.5257446762452063,-1.0,1.0366719812363494,0.0,0.0,-0.21290584491528522,0.3757548280479841,-1.4019391652014377
-1.2740518318851006,0.9306803800091903,0.32487182796547615,1.1995101855968862,1.593937430166955,1.0,-0.9646252798376841,0.0,0.0,0.44353560908867756,-0.103524289360159,-1.4019391652014377
-0.7457380229637498,-1.5509869049169516,0.6589761685494163,-0.009673469238684574,-0.9291944649377488,-1.0,-0.9646252798376841,0.0,0.0,0.552942518089338,0.3757548280479841,-1.4019391652014377
-1.3715077772201067,-0.7237644766082376,-1.1598763407502235,-0.009673469238684574,-0.6564234492507538,-1.0,1.0366719812363494,0.0,0.0,1.2093839720933008,-0.103524289360159,0.37943207393634837
-0.26871681685029736,-0.8892089622699804,0.454481270433384,-1.2188571240742552,0.7074316291842212,1.0,-0.9646252798376841,0.0,0.0,1.537604699095282,1.3343130628642703,-0.5112535456325447
0.37500534838882404,-0.2274310196230092,-1.7272776777763978,-1.2188571240742552,-1.6111220041552363,-1.0,1.0366719812363494,0.0,0.0,1.2093839720933008,-0.103524289360159,0.37943207393634837
-0.3738666526064883,1.3167175132199236,1.0859672762353572,-1.2188571240742552,-0.04268866395501505,1.0,1.0366719812363494,0.0,0.0,-1.4163818439225504,-1.5413616415845883,0.37943207393634837
0.7237950474825317,-0.7789126384954852,-0.6904021380331352,-1.2188571240742552,-0.17907417179851254,-1.0,-0.9646252798376841,0.0,0.0,-1.3069749349218898,-1.0620825241764453,-0.5112535456325447
-0.7893367353504631,0.8755322181219427,0.26078715918967726,-0.009673469238684574,1.32116641447996,-1.0,-0.9646252798376841,0.0,0.0,-1.6351956619238712,0.8550339454561272,1.2701176935052414
-1.1637727358481198,-0.66861631472099,-0.11220001413463528,-0.009673469238684574,-1.0655799727812463,-1.0,1.0366719812363494,0.0,0.0,1.537604699095282,1.3343130628642703,-0.5112535456325447
-0.8944865711066543,0.26890243736221914,-0.5521520660673669,-1.2188571240742552,0.8438171370277188,1.0,1.0366719812363494,0.0,0.0,-0.6505334809179271,-1.5413616415845883,1.2701176935052414
-1.043235119249559,-0.06198653396126643,0.7878655585591692,1.1995101855968862,1.1847809066364625,1.0,-0.9646252798376841,0.0,0.0,0.005907973086035695,1.3343130628642703,-0.5112535456325447
-0.9560376944761322,0.10345795170047636,1.2062160367472494,-0.009673469238684574,0.5710461213407237,-1.0,-0.9646252798376841,0.0,0.0,-1.4163818439225504,-1.5413616415845883,1.2701176935052414
-0.3738666526064883,0.7652358943474475,0.06781310040412561,-0.009673469238684574,1.3893591684017088,-1.0,1.0366719812363494,0.0,0.0,-0.4317196629166062,-0.5828034067683021,1.2701176935052414
-0.9226975026509984,1.5924583226561615,-1.396053547025078,-1.2188571240742552,0.9120098909494675,-1.0,-0.9646252798376841,0.0,0.0,0.9905701540919799,-1.0620825241764453,-1.4019391652014377
1.0059043629259712,1.1512730275581808,1.5028776495071274,-0.009673469238684574,1.2529736605582114,-1.0,1.0366719812363494,0.0,0.0,0.11531488208669616,-1.5413616415845883,-1.4019391652014377
-1.7100389557522344,-1.3303942573679612,-1.7351982548161033,-1.2188571240742552,0.1618895978102312,1.0,1.0366719812363494,0.0,0.0,0.005907973086035695,1.3343130628642703,1.2701176935052414
-0.5380029815917625,-1.3303942573679612,1.3358254792151572,-0.009673469238684574,-1.4747364963117389,1.0,1.0366719812363494,0.0,0.0,1.4281977900946217,0.8550339454561272,0.37943207393634837
0.0775082521030149,1.096124865670933,1.067965964781481,-1.2188571240742552,0.9802026448712162,-1.0,1.0366719812363494,0.0,0.0,-1.6351956619238712,0.8550339454561272,0.37943207393634837
0.30832496473855653,0.21375427547497156,1.4402330856476386,-1.2188571240742552,-1.5429292502334877,1.0,1.0366719812363494,0.0,0.0,-1.6351956619238712,0.8550339454561272,-1.4019391652014377
0.2339506906671045,0.4894950849112096,0.3543939787498329,-0.009673469238684574,1.1165881527147137,1.0,-0.9646252798376841,0.0,0.0,-0.4317196629166062,-0.5828034067683021,-1.4019391652014377
0.026215649295116952,1.4821619988816663,-1.1958789636579759,-1.2188571240742552,-0.7246162031725025,-1.0,-0.9646252798376841,0.0,0.0,-0.9787542079199085,0.3757548280479841,-1.4019391652014377
-1.2971335031486546,1.2064211894454284,-0.6198369971339409,-1.2188571240742552,1.5257446762452063,1.0,-0.9646252798376841,0.0,0.0,0.8811632450913194,-1.5413616415845883,-1.4019391652014377
1.4675377881970542,0.37919876113671436,-0.85097383620171,-1.2188571240742552,1.6621301840887037,-1.0,-0.9646252798376841,0.0,0.0,-1.088161116920569,-0.103524289360159,1.2701176935052414
-0.3969483238700427,0.26890243736221914,0.14269855605225013,-1.2188571240742552,-0.7246162031725025,1.0,-0.9646252798376841,0.0,0.0,1.4281977900946217,0.8550339454561272,0.37943207393634837
-0.14048530983055205,1.2064211894454284,1.0161221877943178,1.1995101855968862,1.593937430166955,1.0,-0.9646252798376841,0.0,0.0,-0.21290584491528522,0.3757548280479841,-1.4019391652014377
-0.23281199488476853,0.10345795170047636,1.6375274591821205,-0.009673469238684574,1.5257446762452063,-1.0,-0.9646252798376841,0.0,0.0,1.537604699095282,1.3343130628642703,-0.5112535456325447
0.9879519519432068,0.5997914086857048,-0.4175022563923737,1.1995101855968862,1.5257446762452063,1.0,1.0366719812363494,0.0,0.0,-0.4317196629166062,-0.5828034067683021,1.2701176935052414
-0.5816016939784758,0.9306803800091903,0.8339489158810919,1.1995101855968862,1.2529736605582114,-1.0,-0.9646252798376841,0.0,0.0,1.537604699095282,1.3343130628642703,-1.4019391652014377
-1.7305559968753936,1.261569351332676,0.123977192140219,1.1995101855968862,1.2529736605582114,-1.0,-0.9646252798376841,0.0,0.0,-0.3223127539159457,-0.103524289360159,1.2701176935052414
-0.3071862689562208,-0.8892089622699804,1.2767811776464437,-0.009673469238684574,1.593937430166955,-1.0,-0.9646252798376841,0.0,0.0,-1.5257887529232108,1.3343130628642703,-1.4019391652014377
1.3187892400541499,-0.6134681528337425,1.083087066402737,1.1995101855968862,-0.5882306953290051,1.0,1.0366719812363494,0.0,0.0,1.3187908810939613,0.3757548280479841,1.2701176935052414
0.6981487460785822,0.8203840562346951,-1.0410676851546414,1.1995101855968862,-1.6111220041552363,1.0,1.0366719812363494,0.0,0.0,-1.088161116920569,-0.103524289360159,-0.5112535456325447
-1.233017749638782,-1.1649497717062185,-1.133234399798487,-1.2188571240742552,0.025504089966733708,-1.0,1.0366719812363494,0.0,0.0,-0.10349893591462477,0.8550339454561272,1.2701176935052414
1.4598438977758694,0.04830978981322877,0.4184786475256318,-0.009673469238684574,-1.1337727267029951,1.0,-0.9646252798376841,0.0,0.0,-0.10349893591462477,0.8550339454561272,-0.5112535456325447
1.2187686645787486,0.7652358943474475,-0.5427913841113513,-1.2188571240742552,-0.17907417179851254,1.0,-0.9646252798376841,0.0,0.0,-1.4163818439225504,-1.5413616415845883,-0.5112535456325447
1.3700818428620478,-0.7237644766082376,-1.4414168518888457,1.1995101855968862,-1.6111220041552363,-1.0,1.0366719812363494,0.0,0.0,-0.3223127539159457,-0.103524289360159,1.2701176935052414
-0.5841663241188707,0.6549395705729524,1.2191769809940403,1.1995101855968862,-0.45184518748550756,-1.0,-0.9646252798376841,0.0,0.0,-0.9787542079199085,0.3757548280479841,-1.4019391652014377
-1.7331206270157886,-1.1098016098189707,0.6553759062586412,-1.2188571240742552,-0.8610017110160001,-1.0,-0.9646252798376841,0.0,0.0,-1.4163818439225504,-1.5413616415845883,1.2701176935052414
-0.6687991187519027,-0.33772734339750443,-0.4009410498548077,-1.2188571240742552,0.025504089966733708,1.0,-0.9646252798376841,0.0,0.0,0.3341287000880171,-0.5828034067683021,1.2701176935052414
1.4418914867931052,0.3240505992494668,1.3682278398321341,-1.2188571240742552,1.32116641447996,-1.0,1.0366719812363494,0.0,0.0,1.0999770630926404,-0.5828034067683021,-1.4019391652014377
0.17239956729762668,0.8755322181219427,-0.04163487323544101,-1.2188571240742552,1.3893591684017088,1.0,1.0366719812363494,0.0,0.0,-1.3069749349218898,-1.0620825241764453,1.2701176935052414
0.4955429649873848,-1.1649497717062185,-0.2000464140295506,-1.2188571240742552,-0.6564234492507538,1.0,-0.9646252798376841,0.0,0.0,-0.4317196629166062,-0.5828034067683021,1.2701176935052414
-0.9919425164416608,1.3167175132199236,-0.26053082051457427,-0.009673469238684574,-0.6564234492507538,1.0,-0.9646252798376841,0.0,0.0,-0.869347298919248,0.8550339454561272,-0.5112535456325447
-0.14561457011134174,1.3167175132199236,0.471762529429105,-0.009673469238684574,1.32116641447996,1.0,1.0366719812363494,0.0,0.0,-1.5257887529232108,1.3343130628642703,1.2701176935052414
1.2162040344383536,-0.9995052860444756,-0.5276702824900954,-1.2188571240742552,1.6621301840887037,1.0,-0.9646252798376841,0.0,0.0,-1.6351956619238712,0.8550339454561272,1.2701176935052414
0.17239956729762668,1.3167175132199236,-0.6673604593721738,-0.009673469238684574,-0.9291944649377488,-1.0,-0.9646252798376841,0.0,0.0,0.3341287000880171,-0.5828034067683021,0.37943207393634837
0.7776522804308245,-0.2274310196230092,-0.5672731676886228,-0.009673469238684574,-0.38365243356375883,-1.0,1.0366719812363494,0.0,0.0,1.3187908810939613,0.3757548280479841,1.2701176935052414
-0.35334961148332905,0.5997914086857048,0.9217953157760073,-0.009673469238684574,1.5257446762452063,1.0,-0.9646252798376841,0.0,0.0,0.8811632450913194,-1.5413616415845883,-0.5112535456325447
1.6906606104114112,1.4821619988816663,-1.1749974423714795,1.1995101855968862,-0.2472669257202613,1.0,1.0366719812363494,0.0,0.0,0.552942518089338,0.3757548280479841,1.2701176935052414
1.0725847465762388,0.3240505992494668,-1.1361146096311072,-1.2188571240742552,0.36646785957547745,1.0,1.0366719812363494,0.0,0.0,0.8811632450913194,-1.5413616415845883,-1.4019391652014377
0.9956458423643914,0.8755322181219427,0.6172131259764239,1.1995101855968862,1.32116641447996,-1.0,-0.9646252798376841,0.0,0.0,-0.7599403899185876,1.3343130628642703,0.37943207393634837
-1.4715283526955083,-0.7237644766082376,-0.5910348988077392,-0.009673469238684574,-0.7246162031725025,-1.0,-0.9646252798376841,0.0,0.0,-1.088161116920569,-0.103524289360159,-0.5112535456325447
0.5878696500416013,0.8755322181219427,0.11101624789342822,-1.2188571240742552,1.048395398792965,-1.0,1.0366719812363494,0.0,0.0,1.4281977900946217,0.8550339454561272,1.2701176935052414
0.47502592386422554,-0.28257918151025685,-0.13812190262821683,-0.009673469238684574,0.8438171370277188,1.0,-0.9646252798376841,0.0,0.0,0.9905701540919799,-1.0620825241764453,0.37943207393634837
0.7802169105712192,-1.054653447931723,-0.18564536486644972,-0.009673469238684574,1.2529736605582114,1.0,1.0366719812363494,0.0,0.0,1.0999770630926404,-0.5828034067683021,0.37943207393634837
0.018521758873932398,-1.7164313905786943,1.4387929807313284,-1.2188571240742552,-0.1108814178767638,-1.0,-0.9646252798376841,0.0,0.0,1.0999770630926404,-0.5828034067683021,-1.4019391652014377
-1.1099155028998264,-1.220097933593466,0.021009690624047776,-1.2188571240742552,1.7303229380104526,-1.0,-0.9646252798376841,0.0,0.0,-1.5257887529232108,1.3343130628642703,0.37943207393634837
0.8571558147830667,0.5997914086857048,1.6800105542132682,-1.2188571240742552,-0.1108814178767638,1.0,1.0366719812363494,0.0,0.0,1.537604699095282,1.3343130628642703,0.37943207393634837
-1.5766781884516994,-1.3855424192552088,-0.7148839216104067,-1.2188571240742552,0.36646785957547745,1.0,-0.9646252798376841,0.0,0.0,-0.9787542079199085,0.3757548280479841,0.37943207393634837
-0.36104350190451384,0.43434692302396194,-0.13164143050482144,1.1995101855968862,0.43466061349722623,1.0,-0.9646252798376841,0.0,0.0,0.9905701540919799,-1.0620825241764453,-0.5112535456325447
0.9828226916624171,-0.66861631472099,0.14125845113594004,1.1995101855968862,0.502853367418975,1.0,-0.9646252798376841,0.0,0.0,-0.6505334809179271,-1.5413616415845883,1.2701176935052414
0.26729088249223804,1.1512730275581808,-1.0633893113574477,-1.2188571240742552,1.32116641447996,-1.0,-0.9646252798376841,0.0,0.0,0.771756336090659,1.3343130628642703,-0.5112535456325447
0.767393759869245,1.2064211894454284,-1.5033413632901793,1.1995101855968862,-1.4747364963117389,1.0,1.0366719812363494,0.0,0.0,-1.1975680259212294,-0.5828034067683021,1.2701176935052414
-0.24819977572713808,0.985828541896438,1.7138530197465551,-0.009673469238684574,1.5257446762452063,1.0,-0.9646252798376841,0.0,0.0,-0.21290584491528522,0.3757548280479841,-1.4019391652014377
0.21086901940355038,1.0409767037836855,1.1277303188083496,-1.2188571240742552,-1.5429292502334877,1.0,-0.9646252798376841,0.0,0.0,0.552942518089338,0.3757548280479841,0.37943207393634837
-1.4715283526955083,-1.3303942573679612,1.6202462001863995,-1.2188571240742552,-0.8610017110160001,1.0,1.0366719812363494,0.0,0.0,0.771756336090659,1.3343130628642703,0.37943207393634837
-1.5561611473285402,1.4821619988816663,0.12613734951468414,1.1995101855968862,-0.9973872188594975,1.0,1.0366719812363494,0.0,0.0,0.11531488208669616,-1.5413616415845883,-0.5112535456325447
-0.27897533741187674,-0.11713469584851403,0.9376364698554182,1.1995101855968862,-0.5882306953290051,1.0,1.0366719812363494,0.0,0.0,0.44353560908867756,-0.103524289360159,0.37943207393634837
-0.5020981596262336,-0.33772734339750443,-0.6896820855749802,1.1995101855968862,-1.2019654806247437,1.0,1.0366719812363494,0.0,0.0,-0.4317196629166062,-0.5828034067683021,-0.5112535456325447
-0.06611103575909953,-1.495838743029704,-1.7215172581111575,1.1995101855968862,1.048395398792965,-1.0,1.0366719812363494,0.0,0.0,-0.5411265719172667,-1.0620825241764453,1.2701176935052414
0.9802580615220222,-0.8340608003827328,-0.701922977363616,-0.009673469238684574,-0.17907417179851254,-1.0,-0.9646252798376841,0.0,0.0,0.6623494270899984,0.8550339454561272,0.37943207393634837
-0.12766215912857734,1.3718656751071712,0.9743591452213254,-1.2188571240742552,0.1618895978102312,-1.0,1.0366719812363494,0.0,0.0,-1.1975680259212294,-0.5828034067683021,1.2701176935052414
-0.5123566801878132,-1.495838743029704,-0.8934569312328575,1.1995101855968862,1.1847809066364625,1.0,-0.9646252798376841,0.0,0.0,0.552942518089338,0.3757548280479841,-0.5112535456325447
0.3903931292311936,0.7652358943474475,0.571129768654501,-0.009673469238684574,0.09369684388848246,1.0,-0.9646252798376841,0.0,0.0,-1.1975680259212294,-0.5828034067683021,-1.4019391652014377
-0.8380647080179665,0.9306803800091903,1.7325743836585863,-0.009673469238684574,-0.1108814178767638,-1.0,-0.9646252798376841,0.0,0.0,0.3341287000880171,-0.5828034067683021,0.37943207393634837
0.09802529322617416,-1.3855424192552088,0.03253052995452847,1.1995101855968862,-0.5882306953290051,-1.0,1.0366719812363494,0.0,0.0,0.552942518089338,0.3757548280479841,1.2701176935052414
-0.984248626020476,-1.7164313905786943,0.21902411661668475,1.1995101855968862,1.2529736605582114,-1.0,1.0366719812363494,0.0,0.0,1.2093839720933008,-0.103524289360159,-1.4019391652014377
-0.6072479953824248,-1.4406905811424564,1.7376147508656716,1.1995101855968862,-0.04268866395501505,-1.0,-0.9646252798376841,0.0,0.0,-0.6505334809179271,-1.5413616415845883,-0.5112535456325447
1.2649320071058567,0.6549395705729524,-1.334129035623744,-0.009673469238684574,-0.9291944649377488,1.0,1.0366719812363494,0.0,0.0,-0.869347298919248,0.8550339454561272,-1.4019391652014377
-1.479222243116693,-1.220097933593466,0.25070642477550664,1.1995101855968862,-0.31545967964201005,1.0,1.0366719812363494,0.0,0.0,-1.088161116920569,-0.103524289360159,-1.4019391652014377
-0.9124389820894188,0.21375427547497156,1.596484469067283,-0.009673469238684574,-0.1108814178767638,1.0,-0.9646252798376841,0.0,0.0,0.3341287000880171,-0.5828034067683021,-0.5112535456325447
0.408345540213958,-1.054653447931723,0.27878847064355333,-0.009673469238684574,-0.31545967964201005,-1.0,-0.9646252798376841,0.0,0.0,0.005907973086035695,1.3343130628642703,-0.5112535456325447
-0.8867926806854696,-0.5583199909464948,-1.479579632171063,1.1995101855968862,-0.45184518748550756,1.0,-0.9646252798376841,0.0,0.0,0.11531488208669616,-1.5413616415845883,1.2701176935052414
0.9956458423643914,-0.28257918151025685,-0.6500792003764528,-1.2188571240742552,-1.2019654806247437,-1.0,-0.9646252798376841,0.0,0.0,1.537604699095282,1.3343130628642703,1.2701176935052414
1.611157076059169,1.3167175132199236,-0.2266883549812872,-0.009673469238684574,1.6621301840887037,-1.0,1.0366719812363494,0.0,0.0,-0.7599403899185876,1.3343130628642703,-0.5112535456325447
-1.3458614758161578,-0.33772734339750443,-0.6954425052402206,1.1995101855968862,1.3893591684017088,1.0,-0.9646252798376841,0.0,0.0,-1.6351956619238712,0.8550339454561272,0.37943207393634837
-0.8739695299834951,0.6549395705729524,1.7491355901961523,-1.2188571240742552,-1.40654374238999,-1.0,-0.9646252798376841,0.0,0.0,-1.6351956619238712,0.8550339454561272,1.2701176935052414
-0.6559759680499282,-0.006838372074018831,-0.7336052855224379,-1.2188571240742552,1.7303229380104526,1.0,1.0366719812363494,0.0,0.0,1.6470116080959427,-1.5413616415845883,0.37943207393634837
1.3059660893521752,-0.06198653396126643,1.1183696368523341,-0.009673469238684574,0.23008235173197997,-1.0,-0.9646252798376841,0.0,0.0,-1.6351956619238712,0.8550339454561272,-0.5112535456325447
0.9366593491353089,0.5997914086857048,1.462554711850445,-1.2188571240742552,-1.3383509884682414,-1.0,-0.9646252798376841,0.0,0.0,0.8811632450913194,-1.5413616415845883,1.2701176935052414
-0.6764930091730874,-1.6612832286914467,1.0866873286935121,-1.2188571240742552,1.5257446762452063,1.0,1.0366719812363494,0.0,0.0,1.0999770630926404,-0.5828034067683021,0.37943207393634837
-0.7277856119809853,0.7100877324602,-1.5278231468674508,1.1995101855968862,-0.1108814178767638,-1.0,-0.9646252798376841,0.0,0.0,1.537604699095282,1.3343130628642703,-1.4019391652014377
-0.5405676117321573,0.4894950849112096,-0.950341075427106,-0.009673469238684574,-1.2701582345464926,-1.0,1.0366719812363494,0.0,0.0,0.771756336090659,1.3343130628642703,-1.4019391652014377
-1.3843309279220815,-1.220097933593466,0.8958734272824257,1.1995101855968862,-0.8610017110160001,-1.0,-0.9646252798376841,0.0,0.0,0.771756336090659,1.3343130628642703,0.37943207393634837
-0.24819977572713808,0.04830978981322877,1.5201589085028484,-1.2188571240742552,0.77562438310597,1.0,-0.9646252798376841,0.0,0.0,-1.088161116920569,-0.103524289360159,-0.5112535456325447
0.8058632119751687,1.5924583226561615,0.6308941226813697,-1.2188571240742552,-0.31545967964201005,1.0,1.0366719812363494,0.0,0.0,-0.3223127539159457,-0.103524289360159,-1.4019391652014377
-0.5918602145400554,1.3167175132199236,-1.5551851402773424,-0.009673469238684574,-0.7246162031725025,1.0,-0.9646252798376841,0.0,0.0,0.552942518089338,0.3757548280479841,-1.4019391652014377
-0.38668980330846303,0.10345795170047636,0.8922731649916504,-1.2188571240742552,-1.2019654806247437,-1.0,-0.9646252798376841,0.0,0.0,0.3341287000880171,-0.5828034067683021,-1.4019391652014377
-0.08662807688225879,-1.1649497717062185,-1.648071907379343,-1.2188571240742552,0.8438171370277188,1.0,1.0366719812363494,0.0,0.0,0.8811632450913194,-1.5413616415845883,1.2701176935052414
0.4775905540046204,0.04830978981322877,0.2910293624321891,-0.009673469238684574,0.502853367418975,1.0,1.0366719812363494,0.0,0.0,-0.21290584491528522,0.3757548280479841,-0.5112535456325447
-1.0740106809342977,0.985828541896438,0.30831062142791016,1.1995101855968862,0.2982751056537287,-1.0,1.0366719812363494,0.0,0.0,-1.3069749349218898,-1.0620825241764453,1.2701176935052414
-0.2276827346039788,0.15860611358772397,-0.027953876530495185,1.1995101855968862,-0.2472669257202613,-1.0,1.0366719812363494,0.0,0.0,0.3341287000880171,-0.5828034067683021,-0.5112535456325447
-0.7252209818405905,-0.5031718290592472,1.1615727843416368,-0.009673469238684574,0.025504089966733708,-1.0,1.0366719812363494,0.0,0.0,0.11531488208669616,-1.5413616415845883,0.37943207393634837
0.8109924722559584,-0.5031718290592472,0.9649984632653098,-0.009673469238684574,-0.6564234492507538,-1.0,-0.9646252798376841,0.0,0.0,-1.088161116920569,-0.103524289360159,-1.4019391652014377
0.21856290982473492,-0.4480236671719996,1.0593253352836205,-0.009673469238684574,0.2982751056537287,1.0,1.0366719812363494,0.0,0.0,-0.6505334809179271,-1.5413616415845883,-0.5112535456325447
-0.15074383039213146,0.26890243736221914,-0.587434636516964,-1.2188571240742552,0.77562438310597,-1.0,-0.9646252798376841,0.0,0.0,0.9905701540919799,-1.0620825241764453,0.37943207393634837
0.45450888274106627,-0.6134681528337425,0.5272065687070434,1.1995101855968862,1.048395398792965,1.0,1.0366719812363494,0.0,0.0,1.0999770630926404,-0.5828034067683021,-0.5112535456325447
-1.343296845675763,0.5446432467984571,0.33783277221226693,1.1995101855968862,1.5257446762452063,1.0,1.0366719812363494,0.0,0.0,-0.4317196629166062,-0.5828034067683021,-1.4019391652014377
-0.8098537764736224,0.5997914086857048,-0.704083134738081,-1.2188571240742552,-0.9973872188594975,-1.0,1.0366719812363494,0.0,0.0,0.005907973086035695,1.3343130628642703,0.37943207393634837
0.934094718994914,-0.7789126384954852,1.560481846159531,-0.009673469238684574,-0.31545967964201005,1.0,1.0366719812363494,0.0,0.0,1.3187908810939613,0.3757548280479841,-1.4019391652014377
1.116183458962952,0.985828541896438,-1.5523049304447223,-1.2188571240742552,0.77562438310597,1.0,-0.9646252798376841,0.0,0.0,0.11531488208669616,-1.5413616415845883,1.2701176935052414
-1.3612492566585275,-1.4406905811424564,-1.1281940325914017,-1.2188571240742552,-0.17907417179851254,-1.0,-0.9646252798376841,0.0,0.0,-0.6505334809179271,-1.5413616415845883,0.37943207393634837
0.6519854035514739,-1.054653447931723,0.04261126436869908,-0.009673469238684574,0.2982751056537287,1.0,1.0366719812363494,0.0,0.0,-0.869347298919248,0.8550339454561272,-1.4019391652014377
0.5776111294800219,-1.6061350668041992,-0.12300080100696092,1.1995101855968862,0.9802026448712162,-1.0,1.0366719812363494,0.0,0.0,-0.7599403899185876,1.3343130628642703,0.37943207393634837
0.018521758873932398,1.4270138369944187,-1.2945261504252168,1.1995101855968862,0.025504089966733708,1.0,-0.9646252798376841,0.0,0.0,-1.1975680259212294,-0.5828034067683021,0.37943207393634837
-0.4046422142912272,-0.9443571241572281,-0.323175384374063,-0.009673469238684574,-0.17907417179851254,-1.0,-0.9646252798376841,0.0,0.0,-1.3069749349218898,-1.0620825241764453,-1.4019391652014377
1.1059249384013727,-0.7237644766082376,-1.5083817304972647,-0.009673469238684574,-0.5200379414072563,1.0,-0.9646252798376841,0.0,0.0,-1.4163818439225504,-1.5413616415845883,-1.4019391652014377
-0.74060876268296,0.15860611358772397,-1.6581526417935137,-1.2188571240742552,-0.9291944649377488,-1.0,1.0366719812363494,0.0,0.0,-1.3069749349218898,-1.0620825241764453,-0.5112535456325447
0.5109307458297544,0.6549395705729524,0.3587142934987632,-0.009673469238684574,-1.2701582345464926,1.0,-0.9646252798376841,0.0,0.0,-0.4317196629166062,-0.5828034067683021,0.37943207393634837
0.1390593754724927,1.4821619988816663,0.04189121191054404,-1.2188571240742552,-0.45184518748550756,1.0,1.0366719812363494,0.0,0.0,0.11531488208669616,-1.5413616415845883,-1.4019391652014377
-1.4638344622743238,-1.6612832286914467,-0.7278448658571975,1.1995101855968862,1.4575519223234574,1.0,-0.9646252798376841,0.0,0.0,0.6623494270899984,0.8550339454561272,0.37943207393634837
-0.8457585984391512,-0.392875505284752,-1.2887657307599765,-0.009673469238684574,1.3893591684017088,-1.0,1.0366719812363494,0.0,0.0,1.537604699095282,1.3343130628642703,-0.5112535456325447
0.6314683624283147,-1.220097933593466,-1.595508077934025,-1.2188571240742552,0.9120098909494675,-1.0,-0.9646252798376841,0.0,0.0,-0.7599403899185876,1.3343130628642703,-1.4019391652014377
-1.2304531194983872,-0.4480236671719996,-1.231161534107573,-0.009673469238684574,0.23008235173197997,-1.0,1.0366719812363494,0.0,0.0,-1.1975680259212294,-0.5828034067683021,-0.5112535456325447
-0.576472433697686,-0.9443571241572281,-0.06251639452193727,-0.009673469238684574,0.8438171370277188,1.0,-0.9646252798376841,0.0,0.0,1.4281977900946217,0.8550339454561272,-0.5112535456325447
0.5981281706031811,-0.28257918151025685,0.4912039457992912,-0.009673469238684574,1.2529736605582114,1.0,1.0366719812363494,0.0,0.0,-0.3223127539159457,-0.103524289360159,1.2701176935052414
1.6368033774631179,-0.2274310196230092,-0.7832889051351358,-1.2188571240742552,0.5710461213407237,1.0,1.0366719812363494,0.0,0.0,-0.10349893591462477,0.8550339454561272,1.2701176935052414
0.600692800743576,-0.17228285773576163,0.0181294807914276,1.1995101855968862,0.77562438310597,1.0,-0.9646252798376841,0.0,0.0,1.2093839720933008,-0.103524289360159,1.2701176935052414
1.1931223631747996,-1.5509869049169516,1.0319633418737288,1.1995101855968862,1.3893591684017088,-1.0,-0.9646252798376841,0.0,0.0,-0.3223127539159457,-0.103524289360159,-1.4019391652014377
-0.017383063091596436,-1.220097933593466,-0.8192915280428881,-1.2188571240742552,0.1618895978102312,1.0,-0.9646252798376841,0.0,0.0,-1.5257887529232108,1.3343130628642703,0.37943207393634837
1.6444972678843028,-0.2274310196230092,-1.2045195931558363,-1.2188571240742552,0.7074316291842212,-1.0,-0.9646252798376841,0.0,0.0,-0.5411265719172667,-1.0620825241764453,-1.4019391652014377
-1.643358572101967,0.43434692302396194,-1.5004611534575591,-1.2188571240742552,-0.45184518748550756,1.0,-0.9646252798376841,0.0,0.0,-0.9787542079199085,0.3757548280479841,-1.4019391652014377
-0.3892544334488579,-0.9443571241572281,1.4891966528021816,1.1995101855968862,-1.2701582345464926,-1.0,-0.9646252798376841,0.0,0.0,-0.7599403899185876,1.3343130628642703,-0.5112535456325447
0.1954812385611808,0.7100877324602,0.1354980314706997,-0.009673469238684574,-0.31545967964201005,1.0,-0.9646252798376841,0.0,0.0,1.537604699095282,1.3343130628642703,-0.5112535456325447
-0.19434254277884508,-1.2752460954807137,-1.199479225948751,1.1995101855968862,0.09369684388848246,1.0,-0.9646252798376841,0.0,0.0,0.771756336090659,1.3343130628642703,0.37943207393634837
0.6160805815859456,-1.4406905811424564,0.71946057503444,-1.2188571240742552,-0.6564234492507538,-1.0,1.0366719812363494,0.0,0.0,-1.3069749349218898,-1.0620825241764453,0.37943207393634837
1.2367210755615128,-0.28257918151025685,-0.6392784135041272,-1.2188571240742552,-0.5200379414072563,-1.0,1.0366719812363494,0.0,0.0,-1.6351956619238712,0.8550339454561272,-1.4019391652014377
1.2213332947191433,-0.2274310196230092,-0.7804086953025157,-0.009673469238684574,-0.17907417179851254,-1.0,1.0366719812363494,0.0,0.0,-1.3069749349218898,-1.0620825241764453,-0.5112535456325447
-1.7126035858926296,0.21375427547497156,-0.02363356178156492,1.1995101855968862,0.6392388752624725,1.0,-0.9646252798376841,0.0,0.0,1.537604699095282,1.3343130628642703,-1.4019391652014377
0.5109307458297544,0.3240505992494668,-0.028673928988650225,-1.2188571240742552,-1.40654374238999,1.0,-0.9646252798376841,0.0,0.0,1.2093839720933008,-0.103524289360159,0.37943207393634837
1.116183458962952,-0.9443571241572281,1.2191769809940403,-0.009673469238684574,-1.5429292502334877,-1.0,1.0366719812363494,0.0,0.0,-0.21290584491528522,0.3757548280479841,-1.4019391652014377
-0.45849944723952024,0.8203840562346951,-1.5415041435723966,-1.2188571240742552,-1.5429292502334877,1.0,-0.9646252798376841,0.0,0.0,-0.5411265719172667,-1.0620825241764453,-1.4019391652014377
-1.3381675853949733,0.9306803800091903,-1.1389948194637274,-0.009673469238684574,-1.40654374238999,-1.0,-0.9646252798376841,0.0,0.0,-0.7599403899185876,1.3343130628642703,-0.5112535456325447
-1.5818074487324891,0.7100877324602,-0.25621050576564397,1.1995101855968862,1.048395398792965,1.0,1.0366719812363494,0.0,0.0,-0.7599403899185876,1.3343130628642703,1.2701176935052414
0.8853667463274104,-1.7164313905786943,-0.10643959446939492,-1.2188571240742552,-1.40654374238999,-1.0,1.0366719812363494,0.0,0.0,-1.3069749349218898,-1.0620825241764453,-1.4019391652014377
-0.4790164883626795,-0.33772734339750443,0.587690975192067,-0.009673469238684574,0.9802026448712162,1.0,1.0366719812363494,0.0,0.0,-0.3223127539159457,-0.103524289360159,-0.5112535456325447
1.4034220346871815,0.985828541896438,-0.8732954624045163,-0.009673469238684574,-0.38365243356375883,1.0,1.0366719812363494,0.0,0.0,1.537604699095282,1.3343130628642703,-1.4019391652014377
0.5186246362509389,-1.6612832286914467,-0.5183096005340798,1.1995101855968862,-0.1108814178767638,-1.0,-0.9646252798376841,0.0,0.0,-0.3223127539159457,-0.103524289360159,1.2701176935052414
1.2110747741575634,-0.66861631472099,-0.8214516854173531,-0.009673469238684574,0.7074316291842212,-1.0,-0.9646252798376841,0.0,0.0,1.0999770630926404,-0.5828034067683021,-0.5112535456325447
1.1059249384013727,-0.4480236671719996,-1.566705979607823,-1.2188571240742552,-0.04268866395501505,1.0,1.0366719812363494,0.0,0.0,0.8811632450913194,-1.5413616415845883,-1.4019391652014377
0.3416651565636905,1.4270138369944187,-0.9208189246427492,1.1995101855968862,-1.4747364963117389,1.0,-0.9646252798376841,0.0,0.0,-1.4163818439225504,-1.5413616415845883,0.37943207393634837
1.3829049935640225,-0.9995052860444756,-0.9071379279378033,-0.009673469238684574,0.025504089966733708,-1.0,1.0366719812363494,0.0,0.0,-1.088161116920569,-0.103524289360159,-0.5112535456325447
-1.1560788454269346,-1.3303942573679612,-1.4846199993781481,-1.2188571240742552,1.1165881527147137,-1.0,-0.9646252798376841,0.0,0.0,0.6623494270899984,0.8550339454561272,1.2701176935052414
0.7776522804308245,0.3240505992494668,1.0974881155658378,-0.009673469238684574,0.025504089966733708,1.0,1.0366719812363494,0.0,0.0,-0.869347298919248,0.8550339454561272,-0.5112535456325447
1.1879931028940094,1.261569351332676,0.7561832504003472,-1.2188571240742552,-1.1337727267029951,1.0,-0.9646252798376841,0.0,0.0,-0.7599403899185876,1.3343130628642703,1.2701176935052414
0.3442297867040854,0.8755322181219427,0.4148783852348566,-1.2188571240742552,1.32116641447996,1.0,1.0366719812363494,0.0,0.0,0.771756336090659,1.3343130628642703,-1.4019391652014377
-1.1791605166904888,1.0409767037836855,1.5871237871112676,-0.009673469238684574,-1.6111220041552363,-1.0,-0.9646252798376841,0.0,0.0,-0.5411265719172667,-1.0620825241764453,1.2701176935052414
1.2418503358423025,-0.7237644766082376,-0.24396961397700825,1.1995101855968862,0.36646785957547745,1.0,1.0366719812363494,0.0,0.0,-1.5257887529232108,1.3343130628642703,0.37943207393634837
0.9058837874505697,-0.006838372074018831,-0.7228044986501122,-1.2188571240742552,0.2982751056537287,1.0,1.0366719812363494,0.0,0.0,0.552942518089338,0.3757548280479841,-0.5112535456325447
0.4724612937238307,0.7652358943474475,0.620093335809044,1.1995101855968862,0.6392388752624725,-1.0,-0.9646252798376841,0.0,0.0,0.771756336090659,1.3343130628642703,0.37943207393634837
-0.4995335294858388,1.2064211894454284,1.7505756951124622,-1.2188571240742552,-1.0655799727812463,-1.0,-0.9646252798376841,0.0,0.0,0.552942518089338,0.3757548280479841,-0.5112535456325447
-1.0483643795303486,1.1512730275581808,1.348786423461948,1.1995101855968862,0.6392388752624725,-1.0,1.0366719812363494,0.0,0.0,1.4281977900946217,0.8550339454561272,-1.4019391652014377
-0.5226152007493929,1.3718656751071712,1.5849636297368024,-0.009673469238684574,-1.5429292502334877,1.0,-0.9646252798376841,0.0,0.0,-0.4317196629166062,-0.5828034067683021,0.37943207393634837
-0.2148595839020041,-1.1098016098189707,1.5518412166616704,-1.2188571240742552,-1.2701582345464926,-1.0,1.0366719812363494,0.0,0.0,1.537604699095282,1.3343130628642703,1.2701176935052414
-0.5431322418725522,0.15860611358772397,-0.735045390438748,-0.009673469238684574,-0.1108814178767638,-1.0,-0.9646252798376841,0.0,0.0,1.4281977900946217,0.8550339454561272,1.2701176935052414
1.5649937335320607,-1.5509869049169516,0.17150065437845188,-1.2188571240742552,-1.3383509884682414,-1.0,-0.9646252798376841,0.0,0.0,0.3341287000880171,-0.5828034067683021,-0.5112535456325447
1.1392651302265062,1.4821619988816663,0.1254172970565291,1.1995101855968862,-0.6564234492507538,-1.0,1.0366719812363494,0.0,0.0,-0.3223127539159457,-0.103524289360159,0.37943207393634837
-1.4920453938186675,-1.6061350668041992,0.8735518010796193,1.1995101855968862,1.2529736605582114,1.0,-0.9646252798376841,0.0,0.0,0.005907973086035695,1.3343130628642703,0.37943207393634837
1.6188509664803539,1.5924583226561615,-1.4003738617740082,-1.2188571240742552,-0.7928089570942514,1.0,-0.9646252798376841,0.0,0.0,0.552942518089338,0.3757548280479841,1.2701176935052414
0.741747458465296,-0.5031718290592472,-0.0877182305573638,-0.009673469238684574,-1.40654374238999,1.0,-0.9646252798376841,0.0,0.0,1.0999770630926404,-0.5828034067683021,0.37943207393634837
1.6368033774631179,-1.220097933593466,1.7721772688571136,-0.009673469238684574,-1.3383509884682414,-1.0,1.0366719812363494,0.0,0.0,1.537604699095282,1.3343130628642703,0.37943207393634837
0.6519854035514739,0.8203840562346951,-0.5924750037240493,-1.2188571240742552,-1.3383509884682414,-1.0,-0.9646252798376841,0.0,0.0,-0.3223127539159457,-0.103524289360159,0.37943207393634837
0.9494824998372832,0.985828541896438,-0.4484645120930406,1.1995101855968862,0.2982751056537287,-1.0,1.0366719812363494,0.0,0.0,-1.5257887529232108,1.3343130628642703,0.37943207393634837
-0.6303296666459789,-0.28257918151025685,0.20462306745358388,-1.2188571240742552,0.23008235173197997,1.0,-0.9646252798376841,0.0,0.0,-1.6351956619238712,0.8550339454561272,1.2701176935052414
0.8212509928175378,-1.495838743029704,0.5099253097113223,-0.009673469238684574,-1.6793147580769852,1.0,1.0366719812363494,0.0,0.0,-1.3069749349218898,-1.0620825241764453,-0.5112535456325447
1.6624496788670673,-0.7237644766082376,-0.49670802678942855,-0.009673469238684574,-0.1108814178767638,1.0,-0.9646252798376841,0.0,0.0,0.552942518089338,0.3757548280479841,0.37943207393634837
-0.11996826870739277,-0.66861631472099,-0.0776374961431932,-1.2188571240742552,-0.5882306953290051,-1.0,1.0366719812363494,0.0,0.0,-1.3069749349218898,-1.0620825241764453,0.37943207393634837
1.6085924459187741,0.43434692302396194,-1.6891148974941805,-0.009673469238684574,-0.5882306953290051,1.0,1.0366719812363494,0.0,0.0,1.6470116080959427,-1.5413616415845883,1.2701176935052414
0.675067074815028,0.10345795170047636,-1.7071162089480567,1.1995101855968862,-1.6793147580769852,-1.0,-0.9646252798376841,0.0,0.0,-0.7599403899185876,1.3343130628642703,-0.5112535456325447
-0.9021804615278392,0.15860611358772397,-0.520469757908545,-1.2188571240742552,-1.1337727267029951,-1.0,1.0366719812363494,0.0,0.0,-1.088161116920569,-0.103524289360159,0.37943207393634837
-0.13279141940936726,1.3718656751071712,-0.2331688271046826,-0.009673469238684574,-0.9291944649377488,-1.0,-0.9646252798376841,0.0,0.0,1.537604699095282,1.3343130628642703,0.37943207393634837
-1.0586229000919283,-0.4480236671719996,1.0269229746666435,-0.009673469238684574,1.1847809066364625,-1.0,1.0366719812363494,0.0,0.0,-1.4163818439225504,-1.5413616415845883,-1.4019391652014377
-1.309956653850629,-0.66861631472099,0.5358471982049039,1.1995101855968862,0.36646785957547745,-1.0,1.0366719812363494,0.0,0.0,0.005907973086035695,1.3343130628642703,1.2701176935052414
1.17773458233243,0.5997914086857048,-1.4882202616689235,-0.009673469238684574,-1.6793147580769852,1.0,1.0366719812363494,0.0,0.0,-1.088161116920569,-0.103524289360159,-0.5112535456325447
0.8981898970293851,0.10345795170047636,-0.23748914185361286,1.1995101855968862,1.32116641447996,1.0,-0.9646252798376841,0.0,0.0,-0.5411265719172667,-1.0620825241764453,1.2701176935052414
-1.4920453938186675,-1.1098016098189707,1.114769374561559,-1.2188571240742552,0.36646785957547745,-1.0,-0.9646252798376841,0.0,0.0,0.552942518089338,0.3757548280479841,-0.5112535456325447
0.6365976227091048,-0.17228285773576163,1.2105363514961798,-0.009673469238684574,-0.17907417179851254,-1.0,-0.9646252798376841,0.0,0.0,0.8811632450913194,-1.5413616415845883,1.2701176935052414
-1.5792428185920944,-1.3303942573679612,0.9621182534326896,-1.2188571240742552,-1.1337727267029951,1.0,-0.9646252798376841,0.0,0.0,1.4281977900946217,0.8550339454561272,-0.5112535456325447
1.6368033774631179,0.3240505992494668,1.316384062844971,1.1995101855968862,-0.17907417179851254,1.0,1.0366719812363494,0.0,0.0,1.537604699095282,1.3343130628642703,0.37943207393634837
-1.5125624349418267,0.4894950849112096,-0.7494464396018488,-0.009673469238684574,-0.6564234492507538,-1.0,-0.9646252798376841,0.0,0.0,1.6470116080959427,-1.5413616415845883,-0.5112535456325447
0.4493796224602766,0.5997914086857048,1.3351054267570022,1.1995101855968862,0.09369684388848246,-1.0,-0.9646252798376841,0.0,0.0,-1.6351956619238712,0.8550339454561272,0.37943207393634837
0.8725435956254362,-1.3855424192552088,1.4085507774888166,-0.009673469238684574,-1.6111220041552363,1.0,1.0366719812363494,0.0,0.0,-0.869347298919248,0.8550339454561272,0.37943207393634837
0.43912110189869674,0.26890243736221914,0.9592380436000695,1.1995101855968862,-0.7928089570942514,1.0,-0.9646252798376841,0.0,0.0,0.44353560908867756,-0.103524289360159,1.2701176935052414
0.6930194857977925,-0.66861631472099,0.8569905945420533,-0.009673469238684574,-0.5200379414072563,1.0,-0.9646252798376841,0.0,0.0,-0.10349893591462477,0.8550339454561272,0.37943207393634837
-0.42772388555478136,1.096124865670933,-1.4370965371399154,-0.009673469238684574,-1.2019654806247437,1.0,1.0366719812363494,0.0,0.0,1.2093839720933008,-0.103524289360159,1.2701176935052414
-0.7252209818405905,0.15860611358772397,0.9282757878994026,1.1995101855968862,-0.5882306953290051,-1.0,1.0366719812363494,0.0,0.0,1.3187908810939613,0.3757548280479841,-0.5112535456325447
1.1700406919112454,0.21375427547497156,-0.6543995151253831,-1.2188571240742552,0.77562438310597,1.0,-0.9646252798376841,0.0,0.0,0.11531488208669616,-1.5413616415845883,-1.4019391652014377
-0.26615218670990226,-0.28257918151025685,1.034123499248194,-1.2188571240742552,-0.7246162031725025,1.0,-0.9646252798376841,0.0,0.0,0.6623494270899984,0.8550339454561272,-0.5112535456325447
-0.28153996755227184,1.5924583226561615,-0.35269753515841984,-0.009673469238684574,0.6392388752624725,-1.0,-0.9646252798376841,0.0,0.0,1.3187908810939613,0.3757548280479841,1.2701176935052414
0.5904342801819962,0.8203840562346951,0.2521465296918167,1.1995101855968862,0.36646785957547745,1.0,-0.9646252798376841,0.0,0.0,-1.088161116920569,-0.103524289360159,1.2701176935052414
-0.2148595839020041,-0.11713469584851403,1.3271848497172967,1.1995101855968862,-0.45184518748550756,-1.0,-0.9646252798376841,0.0,0.0,-0.10349893591462477,0.8550339454561272,-1.4019391652014377
-0.5687785432765013,0.26890243736221914,-0.5571924332744522,1.1995101855968862,1.1165881527147137,1.0,-0.9646252798376841,0.0,0.0,-1.088161116920569,-0.103524289360159,-0.5112535456325447
-1.448446681431954,-1.5509869049169516,1.0298031844992637,1.1995101855968862,1.1165881527147137,-1.0,1.0366719812363494,0.0,0.0,-1.5257887529232108,1.3343130628642703,-1.4019391652014377
1.2828844180886212,-1.6061350668041992,0.9808396173447208,1.1995101855968862,-0.5200379414072563,1.0,1.0366719812363494,0.0,0.0,-1.6351956619238712,0.8550339454561272,-1.4019391652014377
-1.6536170926635465,1.3718656751071712,-0.8833761968186868,-1.2188571240742552,-0.7928089570942514,1.0,1.0366719812363494,0.0,0.0,1.6470116080959427,-1.5413616415845883,-1.4019391652014377
-1.1458203248653553,-1.6612832286914467,-0.4578251940490562,1.1995101855968862,-0.2472669257202613,-1.0,-0.9646252798376841,0.0,0.0,-1.4163818439225504,-1.5413616415845883,1.2701176935052414
-0.9816839958800812,0.5446432467984571,-0.934499921347695,1.1995101855968862,-0.9973872188594975,-1.0,1.0366719812363494,0.0,0.0,0.005907973086035695,1.3343130628642703,-0.5112535456325447
0.28267866333460756,-1.3855424192552088,1.6512084558870663,-0.009673469238684574,1.6621301840887037,1.0,-0.9646252798376841,0.0,0.0,0.3341287000880171,-0.5828034067683021,-1.4019391652014377
-1.0227180781263996,1.3167175132199236,-1.1569961309176033,1.1995101855968862,0.43466061349722623,-1.0,-0.9646252798376841,0.0,0.0,-1.4163818439225504,-1.5413616415845883,1.2701176935052414
-0.8098537764736224,-1.1649497717062185,-0.8048904788797872,1.1995101855968862,-0.8610017110160001,-1.0,-0.9646252798376841,0.0,0.0,-0.21290584491528522,0.3757548280479841,1.2701176935052414
1.6444972678843028,0.43434692302396194,-0.8898566689420823,1.1995101855968862,-0.5200379414072563,-1.0,1.0366719812363494,0.0,0.0,-0.3223127539159457,-0.103524289360159,1.2701176935052414
-1.071446050793903,-0.9443571241572281,0.6337743325139898,-1.2188571240742552,0.43466061349722623,-1.0,1.0366719812363494,0.0,0.0,0.005907973086035695,1.3343130628642703,-1.4019391652014377
1.6060278157783792,0.9306803800091903,-1.5559051927354977,1.1995101855968862,-0.2472669257202613,-1.0,-0.9646252798376841,0.0,0.0,-0.7599403899185876,1.3343130628642703,-1.4019391652014377
1.5367828019877168,-0.4480236671719996,-1.614229441846056,-1.2188571240742552,-1.0655799727812463,1.0,1.0366719812363494,0.0,0.0,0.44353560908867756,-0.103524289360159,0.37943207393634837
0.03390953971630151,0.43434692302396194,0.7403420963209363,-0.009673469238684574,0.09369684388848246,-1.0,-0.9646252798376841,0.0,0.0,1.6470116080959427,-1.5413616415845883,0.37943207393634837
0.013392498593142241,0.8755322181219427,-0.3404566433697841,1.1995101855968862,1.593937430166955,-1.0,1.0366719812363494,0.0,0.0,0.8811632450913194,-1.5413616415845883,-1.4019391652014377
-0.7585611736657243,-0.06198653396126643,0.24278584773580117,-0.009673469238684574,-1.4747364963117389,1.0,-0.9646252798376841,0.0,0.0,-1.088161116920569,-0.103524289360159,1.2701176935052414
0.5340124170933085,1.1512730275581808,0.9635583583489997,-0.009673469238684574,0.77562438310597,1.0,-0.9646252798376841,0.0,0.0,1.0999770630926404,-0.5828034067683021,-0.5112535456325447
0.4160394306351426,1.4821619988816663,0.8339489158810919,-1.2188571240742552,1.4575519223234574,-1.0,-0.9646252798376841,0.0,0.0,-0.7599403899185876,1.3343130628642703,0.37943207393634837
0.5929989103223915,-0.8892089622699804,-0.785449062509601,-0.009673469238684574,-1.5429292502334877,1.0,1.0366719812363494,0.0,0.0,1.3187908810939613,0.3757548280479841,-0.5112535456325447
0.0723789918222252,-1.6612832286914467,0.33495256237964677,-1.2188571240742552,-0.6564234492507538,1.0,1.0366719812363494,0.0,0.0,-1.5257887529232108,1.3343130628642703,-1.4019391652014377
-1.392024818343266,-0.9995052860444756,-0.967622334422827,1.1995101855968862,0.09369684388848246,-1.0,1.0366719812363494,0.0,0.0,0.9905701540919799,-1.0620825241764453,-1.4019391652014377
1.703483761113386,0.9306803800091903,0.5459279326190745,-1.2188571240742552,0.9120098909494675,1.0,1.0366719812363494,0.0,0.0,1.3187908810939613,0.3757548280479841,-1.4019391652014377
-0.984248626020476,-1.7164313905786943,-0.5334307021553357,1.1995101855968862,0.23008235173197997,1.0,-0.9646252798376841,0.0,0.0,-0.9787542079199085,0.3757548280479841,-1.4019391652014377
0.1826580878592061,-0.66861631472099,-1.6847945827452504,-1.2188571240742552,1.32116641447996,1.0,-0.9646252798376841,0.0,0.0,0.005907973086035695,1.3343130628642703,1.2701176935052414
1.16747606177085,0.26890243736221914,-1.2362019013146581,-1.2188571240742552,-1.2701582345464926,1.0,-0.9646252798376841,0.0,0.0,-1.3069749349218898,-1.0620825241764453,1.2701176935052414
0.24164458108828904,-1.5509869049169516,0.3068705165116001,-1.2188571240742552,-0.31545967964201005,1.0,-0.9646252798376841,0.0,0.0,1.2093839720933008,-0.103524289360159,0.37943207393634837
0.4134748004947477,0.04830978981322877,0.6488954341352458,-1.2188571240742552,-1.0655799727812463,-1.0,1.0366719812363494,0.0,0.0,0.3341287000880171,-0.5828034067683021,1.2701176935052414
-0.8278061874563869,0.26890243736221914,0.3867963393668099,-1.2188571240742552,1.7303229380104526,1.0,-0.9646252798376841,0.0,0.0,-0.869347298919248,0.8550339454561272,-0.5112535456325447
1.090537157559003,-1.1098016098189707,-0.9618619147575866,1.1995101855968862,-0.7928089570942514,1.0,1.0366719812363494,0.0,0.0,-1.5257887529232108,1.3343130628642703,-1.4019391652014377
-0.5739078035572911,0.7100877324602,-0.4268629383483893,-0.009673469238684574,-1.2701582345464926,1.0,-0.9646252798376841,0.0,0.0,-1.1975680259212294,-0.5828034067683021,0.37943207393634837
0.6237744720071301,-0.7789126384954852,0.9045140567802862,-1.2188571240742552,-1.0655799727812463,-1.0,1.0366719812363494,0.0,0.0,-0.5411265719172667,-1.0620825241764453,0.37943207393634837
0.433991841617907,0.43434692302396194,0.8497900699605029,-0.009673469238684574,-0.5200379414072563,-1.0,-0.9646252798376841,0.0,0.0,1.4281977900946217,0.8550339454561272,-0.5112535456325447
-1.3330383251141833,0.3240505992494668,-0.21444746319265146,-1.2188571240742552,-0.5200379414072563,1.0,1.0366719812363494,0.0,0.0,0.3341287000880171,-0.5828034067683021,1.2701176935052414
1.6880959802710163,1.3718656751071712,-1.4911004715015437,1.1995101855968862,0.5710461213407237,-1.0,1.0366719812363494,0.0,0.0,1.0999770630926404,-0.5828034067683021,-1.4019391652014377
-0.08662807688225879,-0.7789126384954852,-1.3420496126634496,-0.009673469238684574,0.025504089966733708,-1.0,1.0366719812363494,0.0,0.0,1.0999770630926404,-0.5828034067683021,-1.4019391652014377
1.0777140068570283,0.7652358943474475,-0.6327979413807318,1.1995101855968862,-0.04268866395501505,-1.0,1.0366719812363494,0.0,0.0,-1.3069749349218898,-1.0620825241764453,1.2701176935052414
-1.5253855856438012,-1.4406905811424564,-0.3937405252732573,1.1995101855968862,-1.3383509884682414,1.0,-0.9646252798376841,0.0,0.0,0.11531488208669616,-1.5413616415845883,0.37943207393634837
0.8238156229579326,-0.392875505284752,1.0197224500850932,1.1995101855968862,-1.0655799727812463,1.0,1.0366719812363494,0.0,0.0,0.552942518089338,0.3757548280479841,-1.4019391652014377
1.2085101440171686,1.096124865670933,-0.7379256002713681,1.1995101855968862,0.2982751056537287,1.0,1.0366719812363494,0.0,0.0,-0.7599403899185876,1.3343130628642703,-0.5112535456325447
0.3185834853001364,1.2064211894454284,1.0413240238297445,-0.009673469238684574,-1.6793147580769852,-1.0,1.0366719812363494,0.0,0.0,1.4281977900946217,0.8550339454561272,-0.5112535456325447
-0.5149213103282083,-0.5583199909464948,0.40407759836253093,-0.009673469238684574,-1.2019654806247437,1.0,-0.9646252798376841,0.0,0.0,0.3341287000880171,-0.5828034067683021,1.2701176935052414
1.126441979524532,-1.5509869049169516,-0.32605559420668323,1.1995101855968862,-1.3383509884682414,-1.0,1.0366719812363494,0.0,0.0,0.11531488208669616,-1.5413616415845883,-1.4019391652014377
1.3905988839852073,-1.7164313905786943,-0.8128110559194927,-1.2188571240742552,0.025504089966733708,-1.0,1.0366719812363494,0.0,0.0,0.3341287000880171,-0.5828034067683021,-0.5112535456325447
0.9110130477313594,1.261569351332676,-1.3211680913769535,-0.009673469238684574,-0.04268866395501505,-1.0,1.0366719812363494,0.0,0.0,0.9905701540919799,-1.0620825241764453,-0.5112535456325447
-1.5510318870477504,0.3240505992494668,-1.4579780584264117,-0.009673469238684574,0.43466061349722623,1.0,-0.9646252798376841,0.0,0.0,-1.3069749349218898,-1.0620825241764453,-0.5112535456325447
-0.4713225979414947,0.6549395705729524,-0.026513771614185097,1.1995101855968862,1.1847809066364625,1.0,-0.9646252798376841,0.0,0.0,0.005907973086035695,1.3343130628642703,-0.5112535456325447
0.7161011570613466,1.096124865670933,0.2132636969514444,-0.009673469238684574,1.1847809066364625,1.0,-0.9646252798376841,0.0,0.0,-0.5411265719172667,-1.0620825241764453,-0.5112535456325447
-1.725426736594604,-0.11713469584851403,-0.4578251940490562,1.1995101855968862,-1.0655799727812463,-1.0,1.0366719812363494,0.0,0.0,-1.3069749349218898,-1.0620825241764453,0.37943207393634837
1.429068336091131,-0.7237644766082376,-1.0914713572254944,-1.2188571240742552,1.2529736605582114,-1.0,-0.9646252798376841,0.0,0.0,-1.4163818439225504,-1.5413616415845883,-1.4019391652014377
-1.28431035244668,1.1512730275581808,1.2609400235670327,1.1995101855968862,-1.2019654806247437,-1.0,1.0366719812363494,0.0,0.0,-1.4163818439225504,-1.5413616415845883,-1.4019391652014377
0.9033191573101749,1.4821619988816663,-1.313967566795403,-1.2188571240742552,-0.5200379414072563,1.0,1.0366719812363494,0.0,0.0,0.552942518089338,0.3757548280479841,-1.4019391652014377
-0.45849944723952024,-0.5031718290592472,-0.8552941509506402,1.1995101855968862,-1.4747364963117389,-1.0,-0.9646252798376841,0.0,0.0,1.3187908810939613,0.3757548280479841,-1.4019391652014377
-0.03533547407436085,-1.7164313905786943,-0.6709607216629491,-0.009673469238684574,0.6392388752624725,-1.0,1.0366719812363494,0.0,0.0,1.3187908810939613,0.3757548280479841,1.2701176935052414
1.6957898706922008,1.0409767037836855,-1.4939806813341638,1.1995101855968862,1.1165881527147137,-1.0,1.0366719812363494,0.0,0.0,-0.7599403899185876,1.3343130628642703,-1.4019391652014377
1.4059866648275767,0.10345795170047636,1.6591290329267718,1.1995101855968862,1.048395398792965,1.0,1.0366719812363494,0.0,0.0,-1.088161116920569,-0.103524289360159,1.2701176935052414
1.6624496788670673,-0.5583199909464948,-0.19212583698984512,-1.2188571240742552,0.23008235173197997,-1.0,-0.9646252798376841,0.0,0.0,1.2093839720933008,-0.103524289360159,-1.4019391652014377
-1.4715283526955083,-0.06198653396126643,-0.4419840399696452,-0.009673469238684574,1.1165881527147137,1.0,1.0366719812363494,0.0,0.0,1.537604699095282,1.3343130628642703,0.37943207393634837
-0.3764312827468834,-0.11713469584851403,0.28022857555986347,1.1995101855968862,-0.17907417179851254,-1.0,1.0366719812363494,0.0,0.0,-0.7599403899185876,1.3343130628642703,1.2701176935052414
0.29293718389618745,0.21375427547497156,1.482716180678786,-0.009673469238684574,-0.5200379414072563,1.0,-0.9646252798376841,0.0,0.0,-1.3069749349218898,-1.0620825241764453,1.2701176935052414
-1.4869161335378778,-1.054653447931723,0.8166676568853709,1.1995101855968862,1.1165881527147137,1.0,-0.9646252798376841,0.0,0.0,-1.4163818439225504,-1.5413616415845883,0.37943207393634837
0.13649474533209785,-0.9443571241572281,0.3687950279129338,1.1995101855968862,-1.40654374238999,-1.0,1.0366719812363494,0.0,0.0,-1.088161116920569,-0.103524289360159,0.37943207393634837
-0.6303296666459789,1.3167175132199236,0.7806650339776187,-1.2188571240742552,-1.1337727267029951,-1.0,1.0366719812363494,0.0,0.0,1.4281977900946217,0.8550339454561272,1.2701176935052414
0.8084278421155635,-0.2274310196230092,0.8073069749293553,1.1995101855968862,1.6621301840887037,-1.0,1.0366719812363494,0.0,0.0,1.3187908810939613,0.3757548280479841,0.37943207393634837
-0.7252209818405905,0.3240505992494668,0.48904378842482604,-0.009673469238684574,0.502853367418975,1.0,-0.9646252798376841,0.0,0.0,0.3341287000880171,-0.5828034067683021,0.37943207393634837
-0.5918602145400554,-0.66861631472099,0.047651631575784385,-1.2188571240742552,-1.5429292502334877,1.0,1.0366719812363494,0.0,0.0,1.2093839720933008,-0.103524289360159,0.37943207393634837
1.426503705950736,-0.2274310196230092,-1.4615783207171869,1.1995101855968862,-1.6793147580769852,1.0,1.0366719812363494,0.0,0.0,-0.7599403899185876,1.3343130628642703,-1.4019391652014377
0.7571352393076651,-1.3855424192552088,-1.7071162089480567,-1.2188571240742552,1.7303229380104526,1.0,-0.9646252798376841,0.0,0.0,1.6470116080959427,-1.5413616415845883,0.37943207393634837
-1.2304531194983872,-1.7164313905786943,-0.8639347804485007,-1.2188571240742552,-1.2701582345464926,-1.0,1.0366719812363494,0.0,0.0,0.552942518089338,0.3757548280479841,-1.4019391652014377
-1.5946305994344638,-0.17228285773576163,-1.6516721696701184,-0.009673469238684574,-0.17907417179851254,-1.0,1.0366719812363494,0.0,0.0,0.44353560908867756,-0.103524289360159,-1.4019391652014377
-1.097092352197852,0.9306803800091903,1.760656429526633,1.1995101855968862,-0.17907417179851254,1.0,-0.9646252798376841,0.0,0.0,0.44353560908867756,-0.103524289360159,1.2701176935052414
-0.9611669547569218,-0.17228285773576163,-1.4723791075895125,1.1995101855968862,0.6392388752624725,1.0,-0.9646252798376841,0.0,0.0,-0.7599403899185876,1.3343130628642703,-1.4019391652014377
1.275190527667436,-0.5031718290592472,1.3768684693299948,1.1995101855968862,-0.8610017110160001,-1.0,-0.9646252798376841,0.0,0.0,-0.5411265719172667,-1.0620825241764453,1.2701176935052414
-0.8714048998431002,-1.6612832286914467,0.3939968639483603,-0.009673469238684574,0.5710461213407237,1.0,-0.9646252798376841,0.0,0.0,-1.3069749349218898,-1.0620825241764453,-1.4019391652014377
-1.5818074487324891,0.21375427547497156,1.168773308923187,-1.2188571240742552,0.2982751056537287,-1.0,-0.9646252798376841,0.0,0.0,0.8811632450913194,-1.5413616415845883,-0.5112535456325447
0.5724818691992322,1.3167175132199236,0.6589761685494163,-1.2188571240742552,1.048395398792965,1.0,-0.9646252798376841,0.0,0.0,-0.21290584491528522,0.3757548280479841,-0.5112535456325447
-0.9688608451781067,-0.5031718290592472,-0.06539660435455745,1.1995101855968862,1.593937430166955,-1.0,-0.9646252798376841,0.0,0.0,-0.9787542079199085,0.3757548280479841,1.2701176935052414
0.7161011570613466,0.5997914086857048,-1.395333494566923,-1.2188571240742552,-1.3383509884682414,1.0,1.0366719812363494,0.0,0.0,1.4281977900946217,0.8550339454561272,-0.5112535456325447
0.21343364954394523,1.261569351332676,0.9469971518114337,-1.2188571240742552,-1.2701582345464926,1.0,-0.9646252798376841,0.0,0.0,-0.3223127539159457,-0.103524289360159,0.37943207393634837
0.7494413488864806,1.5924583226561615,0.7288212569904555,1.1995101855968862,0.025504089966733708,1.0,1.0366719812363494,0.0,0.0,-0.7599403899185876,1.3343130628642703,-1.4019391652014377
0.2493384715094736,1.4270138369944187,-0.38509989577539677,1.1995101855968862,-1.0655799727812463,-1.0,1.0366719812363494,0.0,0.0,0.771756336090659,1.3343130628642703,1.2701176935052414
-0.9483438040549473,0.8755322181219427,0.8850726404101,-0.009673469238684574,1.3893591684017088,-1.0,1.0366719812363494,0.0,0.0,-0.3223127539159457,-0.103524289360159,-1.4019391652014377
1.5803815143744302,0.37919876113671436,-1.4918205239596987,-1.2188571240742552,-1.5429292502334877,1.0,-0.9646252798376841,0.0,0.0,-1.088161116920569,-0.103524289360159,-1.4019391652014377
-0.42259462527399166,1.096124865670933,0.1340579265543896,-1.2188571240742552,-0.38365243356375883,-1.0,-0.9646252798376841,0.0,0.0,-1.1975680259212294,-0.5828034067683021,-0.5112535456325447
-0.1866486523576603,-1.6061350668041992,-1.697755526992041,-0.009673469238684574,-0.1108814178767638,1.0,-0.9646252798376841,0.0,0.0,0.005907973086035695,1.3343130628642703,0.37943207393634837
0.023651019154722102,1.537310160768914,1.5828034723623372,-0.009673469238684574,0.5710461213407237,1.0,-0.9646252798376841,0.0,0.0,1.3187908810939613,0.3757548280479841,-0.5112535456325447
-0.27128144699069223,-1.220097933593466,0.4940841556319114,-1.2188571240742552,0.9802026448712162,1.0,-0.9646252798376841,0.0,0.0,0.771756336090659,1.3343130628642703,0.37943207393634837
-0.5097920500474185,0.43434692302396194,1.5007174921326623,-0.009673469238684574,1.2529736605582114,-1.0,-0.9646252798376841,0.0,0.0,1.0999770630926404,-0.5828034067683021,-0.5112535456325447
-0.2276827346039788,-0.9443571241572281,-0.5816742168517236,-1.2188571240742552,0.9802026448712162,-1.0,-0.9646252798376841,0.0,0.0,0.552942518089338,0.3757548280479841,0.37943207393634837
1.0495030753126846,1.1512730275581808,-1.5076616780391097,1.1995101855968862,1.3893591684017088,-1.0,1.0366719812363494,0.0,0.0,0.8811632450913194,-1.5413616415845883,0.37943207393634837
0.6930194857977925,-1.6612832286914467,-0.16332373866364336,1.1995101855968862,1.5257446762452063,1.0,1.0366719812363494,0.0,0.0,-0.869347298919248,0.8550339454561272,-0.5112535456325447
1.559864473251271,0.21375427547497156,-0.5017483939965138,-1.2188571240742552,-0.9973872188594975,1.0,1.0366719812363494,0.0,0.0,1.0999770630926404,-0.5828034067683021,-1.4019391652014377
0.9674349108200475,-1.4406905811424564,-0.0776374961431932,1.1995101855968862,-1.0655799727812463,-1.0,1.0366719812363494,0.0,0.0,-0.7599403899185876,1.3343130628642703,1.2701176935052414
-0.08406344674186395,-0.2274310196230092,1.4107109348632818,-1.2188571240742552,1.593937430166955,1.0,1.0366719812363494,0.0,0.0,-0.3223127539159457,-0.103524289360159,1.2701176935052414
-1.6869572844886804,1.2064211894454284,0.9938005615915115,1.1995101855968862,0.502853367418975,1.0,-0.9646252798376841,0.0,0.0,0.8811632450913194,-1.5413616415845883,0.37943207393634837
0.35192367712526995,-1.054653447931723,-0.9193788197264391,-0.009673469238684574,1.32116641447996,-1.0,-0.9646252798376841,0.0,0.0,1.537604699095282,1.3343130628642703,0.37943207393634837
-1.4587052019935338,-1.495838743029704,0.5912912374828423,1.1995101855968862,-0.17907417179851254,1.0,1.0366719812363494,0.0,0.0,0.11531488208669616,-1.5413616415845883,0.37943207393634837
-0.9483438040549473,0.21375427547497156,0.2312650084053205,-0.009673469238684574,0.7074316291842212,1.0,-0.9646252798376841,0.0,0.0,0.11531488208669616,-1.5413616415845883,-0.5112535456325447
-0.08406344674186395,-0.28257918151025685,-0.5103890234943743,-0.009673469238684574,0.7074316291842212,-1.0,1.0366719812363494,0.0,0.0,0.22472179108735663,-1.0620825241764453,1.2701176935052414
-1.14838495500575,-1.220097933593466,-0.5521520660673669,1.1995101855968862,-0.6564234492507538,1.0,-0.9646252798376841,0.0,0.0,-0.7599403899185876,1.3343130628642703,1.2701176935052414
0.3929577593715885,-1.4406905811424564,1.3567070005016535,1.1995101855968862,-1.40654374238999,1.0,1.0366719812363494,0.0,0.0,-0.869347298919248,0.8550339454561272,1.2701176935052414
-1.4433174211511643,0.8755322181219427,-0.6853617708260499,1.1995101855968862,1.1165881527147137,-1.0,-0.9646252798376841,0.0,0.0,0.8811632450913194,-1.5413616415845883,-1.4019391652014377
-1.5253855856438012,1.537310160768914,1.2587798661925675,-1.2188571240742552,-0.5882306953290051,1.0,-0.9646252798376841,0.0,0.0,-0.10349893591462477,0.8550339454561272,1.2701176935052414
0.408345540213958,0.4894950849112096,0.24494600511026632,-0.009673469238684574,0.43466061349722623,-1.0,1.0366719812363494,0.0,0.0,0.6623494270899984,0.8550339454561272,1.2701176935052414
0.9187069381525445,1.2064211894454284,0.6193732833508889,-0.009673469238684574,-0.31545967964201005,-1.0,-0.9646252798376841,0.0,0.0,1.6470116080959427,-1.5413616415845883,-0.5112535456325447
1.0495030753126846,1.4821619988816663,1.184614463002598,1.1995101855968862,-0.7246162031725025,1.0,1.0366719812363494,0.0,0.0,-0.10349893591462477,0.8550339454561272,0.37943207393634837
-0.74060876268296,-1.054653447931723,-1.4248556453512797,-1.2188571240742552,-1.6111220041552363,-1.0,-0.9646252798376841,0.0,0.0,-0.10349893591462477,0.8550339454561272,0.37943207393634837
0.14418863575328286,1.1512730275581808,-0.704083134738081,1.1995101855968862,-1.2701582345464926,1.0,-0.9646252798376841,0.0,0.0,0.3341287000880171,-0.5828034067683021,1.2701176935052414
0.8340741435195125,1.4821619988816663,0.49696436546453154,-0.009673469238684574,-0.6564234492507538,1.0,-0.9646252798376841,0.0,0.0,0.005907973086035695,1.3343130628642703,0.37943207393634837
0.7750876502904296,1.0409767037836855,1.6764102919224928,-0.009673469238684574,-0.5882306953290051,1.0,-0.9646252798376841,0.0,0.0,1.4281977900946217,0.8550339454561272,1.2701176935052414
0.6622439241130538,-1.4406905811424564,-1.3550105569102404,1.1995101855968862,0.025504089966733708,-1.0,1.0366719812363494,0.0,0.0,1.0999770630926404,-0.5828034067683021,-0.5112535456325447
1.6444972678843028,-0.11713469584851403,1.494957072467422,-0.009673469238684574,0.23008235173197997,-1.0,-0.9646252798376841,0.0,0.0,-0.21290584491528522,0.3757548280479841,1.2701176935052414
-1.484351503397483,-0.006838372074018831,-0.636398203671507,1.1995101855968862,-1.1337727267029951,1.0,-0.9646252798376841,0.0,0.0,1.4281977900946217,0.8550339454561272,1.2701176935052414
-1.7279913667349989,-1.495838743029704,0.38175597215972457,-1.2188571240742552,0.43466061349722623,-1.0,-0.9646252798376841,0.0,0.0,-0.869347298919248,0.8550339454561272,0.37943207393634837
0.6468561432706843,-1.3855424192552088,-0.2151675156508065,1.1995101855968862,0.6392388752624725,1.0,-0.9646252798376841,0.0,0.0,0.552942518089338,0.3757548280479841,-0.5112535456325447
-0.6662344886115078,-0.33772734339750443,0.5020047326716168,1.1995101855968862,-1.6111220041552363,1.0,-0.9646252798376841,0.0,0.0,-0.7599403899185876,1.3343130628642703,-1.4019391652014377
0.15701178645525712,0.985828541896438,1.200455617082009,-1.2188571240742552,-0.6564234492507538,1.0,1.0366719812363494,0.0,0.0,0.552942518089338,0.3757548280479841,1.2701176935052414
-1.317650544271814,-1.7164313905786943,0.9664385681816199,-0.009673469238684574,-0.7928089570942514,-1.0,1.0366719812363494,0.0,0.0,-1.3069749349218898,-1.0620825241764453,0.37943207393634837
-0.6431528173479537,-1.4406905811424564,-0.8624946755321906,-0.009673469238684574,0.502853367418975,1.0,1.0366719812363494,0.0,0.0,0.22472179108735663,-1.0620825241764453,1.2701176935052414
0.25959699207105347,1.2064211894454284,-1.5580653501099626,-1.2188571240742552,1.1847809066364625,1.0,1.0366719812363494,0.0,0.0,1.537604699095282,1.3343130628642703,1.2701176935052414
0.48528444442580543,1.4270138369944187,1.3235845874265215,-0.009673469238684574,-0.7246162031725025,1.0,1.0366719812363494,0.0,0.0,-0.5411265719172667,-1.0620825241764453,0.37943207393634837
-1.7202974763138141,-0.11713469584851403,-1.1418750292963475,-0.009673469238684574,1.4575519223234574,-1.0,1.0366719812363494,0.0,0.0,0.11531488208669616,-1.5413616415845883,-1.4019391652014377
-1.6459232022423618,1.3718656751071712,1.3135038530123508,-1.2188571240742552,0.36646785957547745,1.0,-0.9646252798376841,0.0,0.0,1.537604699095282,1.3343130628642703,1.2701176935052414
0.767393759869245,-0.7237644766082376,0.46888231959648485,1.1995101855968862,1.7303229380104526,-1.0,1.0366719812363494,0.0,0.0,0.3341287000880171,-0.5828034067683021,-1.4019391652014377
1.7111776515345705,1.1512730275581808,1.6216863051027095,-1.2188571240742552,-1.2701582345464926,1.0,-0.9646252798376841,0.0,0.0,0.552942518089338,0.3757548280479841,-0.5112535456325447
-0.8124184066140173,-1.3855424192552088,-0.322455331915908,-1.2188571240742552,1.1165881527147137,1.0,-0.9646252798376841,0.0,0.0,0.3341287000880171,-0.5828034067683021,-1.4019391652014377
1.4598438977758694,1.4821619988816663,-1.2700443668479453,1.1995101855968862,-0.9291944649377488,-1.0,-0.9646252798376841,0.0,0.0,0.6623494270899984,0.8550339454561272,-1.4019391652014377
